ds,ip,y,yhat,yhat_upper,yhat_lower,training_date
2022-02-24 08:00:00,187.44.158.33,4.0,4.019630482808132,4.5542268902057135,3.4556516624252693,2023-03-08
2022-02-24 08:00:00,229.46.205.74,20.0,20.033047937573787,39.86533096436359,-1.2230823355130491,2023-03-08
2022-02-24 08:00:00,46.39.79.251,3.0,3.016081907687585,3.428483034062314,2.580665429929658,2023-03-08
2022-02-24 09:00:00,187.44.158.33,4.0,3.876036691681893,4.470080711214834,3.3218019559119223,2023-03-08
2022-02-24 09:00:00,229.46.205.74,60.0,60.81059627394318,83.59889020454254,39.04866744956813,2023-03-08
2022-02-24 09:00:00,46.39.79.251,3.0,2.91351324124643,3.3527860306428745,2.471435887522534,2023-03-08
2022-02-24 10:00:00,187.44.158.33,4.0,4.310032262756927,4.918105239181804,3.7780468958559097,2023-03-08
2022-02-24 10:00:00,46.39.79.251,2.0,2.2207618758738694,2.643727591450097,1.7739269219908602,2023-03-08
2022-02-24 10:00:00,229.46.205.74,66.0,60.79070594983266,82.34409926987861,40.0661625365735,2023-03-08
2022-02-24 11:00:00,46.39.79.251,3.0,2.6450033006825606,3.0556952406629145,2.22802585108698,2023-03-08
2022-02-24 11:00:00,229.46.205.74,51.0,63.59675990021711,84.57453289702434,41.92663195000757,2023-03-08
2022-02-24 11:00:00,187.44.158.33,6.0,5.505925393466434,6.053584374697381,4.911793009738132,2023-03-08
2022-02-24 12:00:00,229.46.205.74,77.0,57.92513896698745,80.59604452727795,39.034587283295416,2023-03-08
2022-02-24 12:00:00,187.44.158.33,4.0,4.517651274184552,5.0899852245183785,3.940681387196245,2023-03-08
2022-02-24 12:00:00,46.39.79.251,2.0,2.38425568892325,2.8037315558402947,1.9724329932964089,2023-03-08
2022-02-24 13:00:00,187.44.158.33,4.0,3.6262857570511153,4.170021419818929,3.092579007211336,2023-03-08
2022-02-24 13:00:00,229.46.205.74,16.0,34.59106929115459,55.44185518639515,12.670923902232284,2023-03-08
2022-02-24 13:00:00,46.39.79.251,2.0,1.714772693386504,2.1394434549825823,1.2830950921273234,2023-03-08
2022-02-24 14:00:00,46.39.79.251,2.0,2.1383905811400705,2.544141582994619,1.7059473484351793,2023-03-08
2022-02-24 14:00:00,187.44.158.33,4.0,4.166633616977735,4.744821096468025,3.606929783043919,2023-03-08
2022-02-24 14:00:00,229.46.205.74,29.0,16.997901242625925,37.64277232880792,-3.478404422287227,2023-03-08
2022-02-24 15:00:00,46.39.79.251,3.0,2.957732988232672,3.3961733296093555,2.5331629242925766,2023-03-08
2022-02-24 15:00:00,229.46.205.74,21.0,25.663691748058845,47.6385658128202,4.009851826344427,2023-03-08
2022-02-24 15:00:00,187.44.158.33,4.0,3.961597424191346,4.523198580060852,3.4375640804054086,2023-03-08
2022-02-24 16:00:00,229.46.205.74,39.0,38.01622634857143,58.316983225375886,17.577420165122174,2023-03-08
2022-02-24 16:00:00,46.39.79.251,2.0,2.001702748761604,2.4326827545862604,1.5566765322378164,2023-03-08
2022-02-24 16:00:00,187.44.158.33,4.0,3.995064178883869,4.518453048722297,3.4393485099991143,2023-03-08
2022-02-24 17:00:00,46.39.79.251,,-0.2120908259117293,0.2449357899336242,-0.6404948719998762,2023-03-08
2022-02-24 17:00:00,229.46.205.74,,12.320601147116744,33.39114355403117,-9.040928435910326,2023-03-08
2022-02-24 17:00:00,187.44.158.33,5.0,5.00052757928378,5.562210481758737,4.42437741777608,2023-03-08
2022-02-24 18:00:00,46.39.79.251,,-0.0656892651462774,0.3807385366672868,-0.4849090427592421,2023-03-08
2022-02-24 18:00:00,229.46.205.74,,-46.86823349781452,-23.73228186285869,-67.20951000970382,2023-03-08
2022-02-24 18:00:00,187.44.158.33,,-18.778414490008235,-18.2372560907662,-19.32806250639919,2023-03-08
2022-02-25 08:00:00,229.46.205.74,,-73.23386536288976,-51.88820939206767,-94.4259022759734,2023-03-08
2022-02-25 08:00:00,46.39.79.251,,2.873451040912528,3.2905150286071745,2.463784453948884,2023-03-08
2022-02-25 08:00:00,187.44.158.33,,-140.4266438430283,-139.83881783842813,-141.0127353387655,2023-03-08
2022-02-25 09:00:00,187.44.158.33,,-444.7387433733139,-444.1822647722126,-445.2629579183702,2023-03-08
2022-02-25 09:00:00,46.39.79.251,,0.2715754234224763,0.6652515446371463,-0.1868813837252051,2023-03-08
2022-02-25 09:00:00,229.46.205.74,,-14.10783129310006,8.408842914727598,-34.41570998307836,2023-03-08
2022-02-25 10:00:00,187.44.158.33,,-928.4238662965656,-927.9041999922524,-928.9869691367636,2023-03-08
2022-02-25 10:00:00,229.46.205.74,,80.98120091208224,102.47780219514888,59.89901735443446,2023-03-08
2022-02-25 10:00:00,46.39.79.251,,-19.87056462939585,-19.43739129281336,-20.27341139958192,2023-03-08
2022-02-25 11:00:00,46.39.79.251,,-58.50763243818223,-58.05198941684512,-58.930602220782575,2023-03-08
2022-02-25 11:00:00,229.46.205.74,,77.10492526039671,98.283793308881,55.10433080110207,2023-03-08
2022-02-25 11:00:00,187.44.158.33,,-1412.2684480412,-1411.722104470438,-1412.856024869844,2023-03-08
2022-02-25 12:00:00,229.46.205.74,,-109.66991834125268,-89.18766273526926,-131.55420406108766,2023-03-08
2022-02-25 12:00:00,46.39.79.251,,-95.90669734742104,-95.50365424303604,-96.33797983772612,2023-03-08
2022-02-25 12:00:00,187.44.158.33,,-1575.124416934814,-1574.540918432427,-1575.6925671504123,2023-03-08
2022-02-25 13:00:00,187.44.158.33,,-1140.5188547423377,-1139.9764274952724,-1141.0748019288185,2023-03-08
2022-02-25 13:00:00,229.46.205.74,,-387.7530528031374,-366.2528460776223,-407.8743482349713,2023-03-08
2022-02-25 13:00:00,46.39.79.251,,-101.10522851415384,-100.6765230239344,-101.5205427655861,2023-03-08
2022-02-25 14:00:00,187.44.158.33,,-103.280299976841,-102.75402813307406,-103.79854029627224,2023-03-08
2022-02-24 08:00:00,187.44.158.33,,4.019630482808132,4.576879582037776,3.4751117658489123,2023-03-08
2022-02-24 08:00:00,229.46.205.74,,20.033741065085813,39.16267894561306,-1.9558927682249545,2023-03-08
2022-02-24 08:00:00,46.39.79.251,,3.016081907687585,3.4372084593698307,2.6092587691742266,2023-03-08
2022-02-24 09:00:00,187.44.158.33,,3.876036691681893,4.424526401788632,3.3318468604561526,2023-03-08
2022-02-24 09:00:00,229.46.205.74,,60.81044613033687,81.78779718929707,37.63111549314155,2023-03-08
2022-02-24 09:00:00,46.39.79.251,,2.9135132412464304,3.3364597022849463,2.512595224384952,2023-03-08
2022-02-24 10:00:00,187.44.158.33,,4.31003226275692,4.821587103373523,3.7783899982270888,2023-03-08
2022-02-24 10:00:00,46.39.79.251,,2.220761875868124,2.6540356982884235,1.7810820724981635,2023-03-08
2022-02-24 10:00:00,229.46.205.74,,60.79015782495007,81.7031357902524,38.18158112947808,2023-03-08
2022-02-24 11:00:00,46.39.79.251,,2.6450033006587685,3.093623384157644,2.2269917516212154,2023-03-08
2022-02-24 11:00:00,229.46.205.74,,63.59627203744597,83.43538682639493,42.63201945578371,2023-03-08
2022-02-24 11:00:00,187.44.158.33,,5.505925393446291,6.091660482832523,4.9258743902146165,2023-03-08
2022-02-24 12:00:00,229.46.205.74,,57.92492994366628,79.24433793508967,36.63995683666561,2023-03-08
2022-02-24 12:00:00,187.44.158.33,,4.5176512741586885,5.107537073634909,4.015418818518911,2023-03-08
2022-02-24 12:00:00,46.39.79.251,,2.384255688871342,2.7739293519235173,1.9572220249927703,2023-03-08
2022-02-24 13:00:00,187.44.158.33,,3.62628575703414,4.184492004028266,3.0879307449903908,2023-03-08
2022-02-24 13:00:00,229.46.205.74,,34.59107404799547,55.988420259862274,12.324375402328322,2023-03-08
2022-02-24 13:00:00,46.39.79.251,,1.7147726933089205,2.17188949896788,1.339855712809595,2023-03-08
2022-02-24 14:00:00,46.39.79.251,,2.1383905809453068,2.586674623070277,1.6865977724266488,2023-03-08
2022-02-24 14:00:00,187.44.158.33,,4.166633616961175,4.684731308895622,3.6283302527688153,2023-03-08
2022-02-24 14:00:00,229.46.205.74,,16.997922660521215,38.448628403469634,-4.139060756386082,2023-03-08
2022-02-24 15:00:00,46.39.79.251,,2.957732987657712,3.359447964208722,2.5591718408421404,2023-03-08
2022-02-24 15:00:00,229.46.205.74,,25.66360612975711,47.881070441276414,4.16794146879513,2023-03-08
2022-02-24 15:00:00,187.44.158.33,,3.961597424177657,4.514545995268204,3.407478924735766,2023-03-08
2022-02-24 16:00:00,229.46.205.74,,38.01608353480602,59.42095437057396,15.867924183240584,2023-03-08
2022-02-24 16:00:00,46.39.79.251,,2.001702747696811,2.4346135312739468,1.5920614717795152,2023-03-08
2022-02-24 16:00:00,187.44.158.33,,3.995064178877637,4.497525863289053,3.4632329714162027,2023-03-08
2022-02-24 17:00:00,46.39.79.251,3.0,-0.212090826941844,0.2191728621470864,-0.665954311327098,2023-03-08
2022-02-24 17:00:00,229.46.205.74,,12.320556538157389,34.690248741937616,-10.22927553196041,2023-03-08
2022-02-24 17:00:00,187.44.158.33,,5.000527579283443,5.562043980276526,4.446324852795525,2023-03-08
2022-02-24 18:00:00,46.39.79.251,2.0,-0.0656892651859981,0.3702116005009395,-0.4539000863417866,2023-03-08
2022-02-24 18:00:00,229.46.205.74,22.0,-46.86808327501912,-24.749049928279064,-67.73241171661046,2023-03-08
2022-02-24 18:00:00,187.44.158.33,4.0,-18.778414490029625,-18.2121366008465,-19.30742015769966,2023-03-08
2022-02-25 08:00:00,229.46.205.74,85.0,-73.23359959631333,-52.20611875067551,-94.23452773991325,2023-03-08
2022-02-25 08:00:00,46.39.79.251,3.0,2.873451041969879,3.2825474125769505,2.4362128748986525,2023-03-08
2022-02-25 08:00:00,187.44.158.33,4.0,-140.42664384332792,-139.87935661140884,-140.96330985067829,2023-03-08
2022-02-25 09:00:00,187.44.158.33,6.0,-444.73874337463405,-444.1617169536424,-445.2632878471744,2023-03-08
2022-02-25 09:00:00,46.39.79.251,3.0,0.2715754234993607,0.6861513827976242,-0.1699390570351384,2023-03-08
2022-02-25 09:00:00,229.46.205.74,66.0,-14.10767148513198,8.002531268633646,-34.60836228091589,2023-03-08
2022-02-25 10:00:00,187.44.158.33,4.0,-928.4238662999808,-927.9116903162328,-928.9893123347484,2023-03-08
2022-02-25 10:00:00,229.46.205.74,396.0,80.98105852913662,102.25198770712332,59.412779394454525,2023-03-08
2022-02-25 10:00:00,46.39.79.251,2.0,-19.87056463415399,-19.4409907314066,-20.29649460779911,2023-03-08
2022-02-25 11:00:00,46.39.79.251,3.0,-58.507632450636464,-58.07576863655306,-58.89581029838176,2023-03-08
2022-02-25 11:00:00,229.46.205.74,116.0,77.10448250118922,96.740250526146,55.38253859912747,2023-03-08
2022-02-25 11:00:00,187.44.158.33,5.0,-1412.2684480472594,-1411.6959175145637,-1412.8436416571294,2023-03-08
2022-02-25 12:00:00,229.46.205.74,39.0,-109.67042939020716,-89.47908516130826,-128.83057152266522,2023-03-08
2022-02-25 12:00:00,46.39.79.251,2.0,-95.90669736611969,-95.46391290503875,-96.35016278248166,2023-03-08
2022-02-25 12:00:00,187.44.158.33,5.0,-1575.1244169424106,-1574.5684349094984,-1575.6655402788458,2023-03-08
2022-02-25 13:00:00,187.44.158.33,5.0,-1140.518854748371,-1139.9393695272618,-1141.0526130866392,2023-03-08
2022-02-25 13:00:00,229.46.205.74,27.0,-387.753328491128,-367.0667066800372,-409.4239306791581,2023-03-08
2022-02-25 13:00:00,46.39.79.251,3.0,-101.10522853256484,-100.69642748056242,-101.53587714425169,2023-03-08
2022-02-25 14:00:00,187.44.158.33,4.0,-103.28029997743012,-102.75049731435796,-103.8291268474729,2023-03-08
2022-02-24 08:00:00,187.44.158.33,,3.9147418903262894,4.94782948299233,2.908339632828292,2023-03-08
2022-02-24 08:00:00,46.39.79.251,,3.014644069778708,3.860775515263129,2.1566636845514684,2023-03-08
2022-02-24 08:00:00,229.46.205.74,,15.336640498304078,82.05569384296162,-56.15812041390031,2023-03-08
2022-02-24 09:00:00,187.44.158.33,,4.513868137353501,5.563335644458876,3.393222587932748,2023-03-08
2022-02-24 09:00:00,46.39.79.251,,2.75440455459964,3.57708584372726,1.9379304131410688,2023-03-08
2022-02-24 09:00:00,229.46.205.74,,21.96962997624656,89.4490940529303,-41.37865163127999,2023-03-08
2022-02-24 10:00:00,187.44.158.33,,4.496125149635605,5.532154085864755,3.5149838484136686,2023-03-08
2022-02-24 10:00:00,46.39.79.251,,2.448864120963367,3.273118299743262,1.7009009320389703,2023-03-08
2022-02-24 10:00:00,229.46.205.74,,80.68596394440823,146.37602405650807,10.975199294879356,2023-03-08
2022-02-24 11:00:00,187.44.158.33,,4.582564744201325,5.578059654313227,3.519786349963026,2023-03-08
2022-02-24 11:00:00,46.39.79.251,,2.3923321071353607,3.212616819762609,1.5876342356892152,2023-03-08
2022-02-24 11:00:00,229.46.205.74,,51.05362400587812,115.16781240199916,-14.889905664808078,2023-03-08
2022-02-24 12:00:00,46.39.79.251,,2.39833147386746,3.1602853097805244,1.6236922336855748,2023-03-08
2022-02-24 12:00:00,229.46.205.74,,1.0284108265894123,63.28512275937498,-68.46101883787652,2023-03-08
2022-02-24 12:00:00,187.44.158.33,,4.666943834981556,5.65993914843044,3.5926263227947626,2023-03-08
2022-02-24 13:00:00,229.46.205.74,,13.780703296125658,75.34995758967143,-49.4027165920388,2023-03-08
2022-02-24 13:00:00,187.44.158.33,,4.378123803049852,5.413012374438598,3.3765839845351464,2023-03-08
2022-02-24 13:00:00,46.39.79.251,,2.2842908913844946,3.0989931753410853,1.4955984140114629,2023-03-08
2022-02-24 14:00:00,229.46.205.74,,37.71425545100911,102.404904850146,-28.02115443890636,2023-03-08
2022-02-24 14:00:00,187.44.158.33,,3.831491680789143,4.838262277725836,2.82835243103916,2023-03-08
2022-02-24 14:00:00,46.39.79.251,,2.143528400074121,2.998007202399174,1.4195400038713928,2023-03-08
2022-02-24 15:00:00,229.46.205.74,,14.741177545738893,81.89938026263984,-49.447360356164886,2023-03-08
2022-02-24 15:00:00,46.39.79.251,,2.212056621489209,3.0250589070795333,1.3755741606943983,2023-03-08
2022-02-24 15:00:00,187.44.158.33,,3.63666590887511,4.70572790693234,2.640888974330469,2023-03-08
2022-02-24 16:00:00,46.39.79.251,,2.5263718794775736,3.346259407374834,1.7283368147160791,2023-03-08
2022-02-24 16:00:00,187.44.158.33,,4.121967395045616,5.160793552945873,3.0500862020970416,2023-03-08
2022-02-24 16:00:00,229.46.205.74,,51.30681202791423,121.6768880429452,-13.9593746210399,2023-03-08
2022-02-24 17:00:00,46.39.79.251,,2.711207550783108,3.468709016670034,1.912357359064528,2023-03-08
2022-02-24 17:00:00,187.44.158.33,,4.675456558976014,5.724639096213685,3.609149241244612,2023-03-08
2022-02-24 18:00:00,46.39.79.251,,2.0643597419292257,2.8843424056858264,1.302755609843623,2023-03-08
2022-02-24 18:00:00,187.44.158.33,,4.062972082926183,5.128857643000412,3.0093047528275814,2023-03-08
2022-02-24 18:00:00,229.46.205.74,,21.230289878322253,84.76122543932478,-40.929177102843205,2023-03-08
2022-02-25 08:00:00,46.39.79.251,,3.06541831582501,3.8400560215459794,2.3035785461745504,2023-03-08
2022-02-25 08:00:00,187.44.158.33,,4.215683876315054,5.279013035946672,3.143647404800434,2023-03-08
2022-02-25 08:00:00,229.46.205.74,,80.236541135053,147.1971251881288,14.151627798407953,2023-03-08
2022-02-25 09:00:00,229.46.205.74,,101.00307432056314,165.21753427956435,28.59600650404235,2023-03-08
2022-02-25 09:00:00,46.39.79.251,,2.8007631745277046,3.5494685721039296,2.036345679400436,2023-03-08
2022-02-25 09:00:00,187.44.158.33,,4.859759444509487,5.944036614874049,3.897177006377113,2023-03-08
2022-02-25 10:00:00,46.39.79.251,,2.490051390706689,3.2505876026117924,1.6578722187423809,2023-03-08
2022-02-25 10:00:00,229.46.205.74,,333.10918585495773,399.18542930495215,267.6672031651173,2023-03-08
2022-02-25 10:00:00,187.44.158.33,,4.8395602874255,5.856867176266408,3.802408581949402,2023-03-08
2022-02-25 11:00:00,229.46.205.74,,192.3541923436228,257.8345665517542,125.38544823118266,2023-03-08
2022-02-25 11:00:00,46.39.79.251,,2.4325403914800967,3.240926736030544,1.611931862017104,2023-03-08
2022-02-25 11:00:00,187.44.158.33,,4.93149200443538,5.933087979324825,3.862241509820108,2023-03-08
2022-02-25 12:00:00,46.39.79.251,,2.4386123818441154,3.210595756534614,1.6811821855951257,2023-03-08
2022-02-25 12:00:00,229.46.205.74,,3.5804323495636337,67.9775952140986,-66.40313322597108,2023-03-08
2022-02-25 12:00:00,187.44.158.33,,5.0211720862892015,6.071697561233269,3.981412201181829,2023-03-08
2022-02-25 13:00:00,229.46.205.74,,44.7732607542486,113.51497890840604,-20.52615069938732,2023-03-08
2022-02-25 13:00:00,46.39.79.251,,2.32262961378499,3.16063153697062,1.5206054644889897,2023-03-08
2022-02-25 13:00:00,187.44.158.33,,4.709382533065334,5.789609034207369,3.650384721764786,2023-03-08
2022-02-25 14:00:00,229.46.205.74,,115.26578051941426,174.77433240078162,47.0883562964713,2023-03-08
2022-02-25 14:00:00,46.39.79.251,,2.1794794738207908,2.9479540258007373,1.3665818076001877,2023-03-08
2022-02-25 14:00:00,187.44.158.33,,4.12047992273351,5.237204613024851,3.041549671167113,2023-03-08
2022-02-25 15:00:00,229.46.205.74,,42.66119012258862,110.23895502629344,-23.00153733303657,2023-03-08
2022-02-25 15:00:00,187.44.158.33,,3.9101001965962223,4.906168738401576,2.951158516013056,2023-03-08
2022-02-25 15:00:00,46.39.79.251,,2.2491311359053734,3.0323009200566804,1.5123562999554192,2023-03-08
2022-02-25 16:00:00,46.39.79.251,2.0,2.568684832001157,3.2891124877414883,1.7212558453515925,2023-03-08
2022-02-25 16:00:00,229.46.205.74,,141.37476824907196,206.2061573115335,78.77752746788259,2023-03-08
2022-02-25 16:00:00,187.44.158.33,,4.43092270331842,5.4640149300252085,3.334641098976632,2023-03-08
2022-02-25 17:00:00,46.39.79.251,3.0,2.7565845579774897,3.5546058187764653,1.9799619192310105,2023-03-08
2022-02-25 17:00:00,187.44.158.33,4.0,5.024806694274993,6.062499299181104,3.9211032165710855,2023-03-08
2022-02-25 17:00:00,229.46.205.74,50.0,572.3393682140294,641.0979021629623,507.21606597067085,2023-03-08
2022-02-25 18:00:00,46.39.79.251,2.0,2.0988864924859643,2.929877334224228,1.3674271073186597,2023-03-08
2022-02-25 18:00:00,229.46.205.74,28.0,53.74326985700365,118.9814114005074,-14.409347877259478,2023-03-08
2022-02-25 18:00:00,187.44.158.33,4.0,4.365615142673932,5.36063116651927,3.282668392865347,2023-03-08
2022-02-26 08:00:00,187.44.158.33,,1.6824473753972142,2.658483644482573,0.6687126837653498,2023-03-08
2022-02-26 08:00:00,46.39.79.251,,-0.1580270430712741,0.6530561033852186,-0.9973848280846224,2023-03-08
2022-02-26 08:00:00,229.46.205.74,,-4275.234926210995,-4210.979263294292,-4343.438118923528,2023-03-08
2022-02-26 09:00:00,187.44.158.33,,-2.3238906989276584,-1.2951110112884694,-3.444990017911956,2023-03-08
2022-02-26 09:00:00,46.39.79.251,,-4.501176539756608,-3.697239564510309,-5.269282106469729,2023-03-08
2022-02-26 09:00:00,229.46.205.74,,-14675.776288768204,-14610.571252005117,-14740.735341697611,2023-03-08
2022-02-26 10:00:00,46.39.79.251,,-10.92411931835008,-10.070946347496834,-11.772977708056196,2023-03-08
2022-02-26 10:00:00,229.46.205.74,,-29588.28897120404,-29526.93202665792,-29654.070053198484,2023-03-08
2022-02-26 10:00:00,187.44.158.33,,-5.893107928515896,-4.842564664344838,-6.904811406079864,2023-03-08
2022-02-26 11:00:00,46.39.79.251,,-18.76463953247444,-17.953728239599904,-19.57155766991116,2023-03-08
2022-02-26 11:00:00,187.44.158.33,,-7.699339711563201,-6.686713366419529,-8.759146198907949,2023-03-08
2022-02-26 11:00:00,229.46.205.74,,-42487.24319363027,-42424.78525434589,-42557.97382479915,2023-03-08
2022-02-26 12:00:00,187.44.158.33,,-8.044352161265367,-7.002541384421711,-9.15981679267172,2023-03-08
2022-02-26 12:00:00,229.46.205.74,,-44914.07190577966,-44850.93426757029,-44979.43182975903,2023-03-08
2022-02-26 12:00:00,46.39.79.251,,-26.63653298981028,-25.818056814571275,-27.45322204264854,2023-03-08
2022-02-26 13:00:00,187.44.158.33,,-8.543661258800274,-7.573338381832276,-9.619346104480927,2023-03-08
2022-02-24 08:00:00,187.44.158.33,,4.152730746876149,5.046973102136298,3.1889925722042944,2023-03-08
2022-02-24 08:00:00,46.39.79.251,,2.8369660028591177,3.692658757905046,2.0914281851943537,2023-03-08
2022-02-24 08:00:00,229.46.205.74,,13.525591217899674,113.26999392090782,-97.24897439503567,2023-03-08
2022-02-24 09:00:00,187.44.158.33,,4.524953686977304,5.494991883538868,3.5753031879140216,2023-03-08
2022-02-24 09:00:00,46.39.79.251,,2.878143198745156,3.735837846163759,2.07879784713048,2023-03-08
2022-02-24 09:00:00,229.46.205.74,,59.81260460121921,164.83427405434682,-42.85874564993052,2023-03-08
2022-02-24 10:00:00,187.44.158.33,,4.654801033324105,5.557716235570522,3.524802968502668,2023-03-08
2022-02-24 10:00:00,46.39.79.251,,2.6096151394180707,3.4871104346205986,1.7462417365467198,2023-03-08
2022-02-24 10:00:00,229.46.205.74,,84.06348420111873,188.36322384467584,-18.18184222162212,2023-03-08
2022-02-24 11:00:00,187.44.158.33,,4.826072000601207,5.784885935145026,3.862182050943728,2023-03-08
2022-02-24 11:00:00,46.39.79.251,,2.48102670522139,3.233741999091992,1.699768002503777,2023-03-08
2022-02-24 11:00:00,229.46.205.74,,75.84172488777303,175.80072579981515,-24.97517305086564,2023-03-08
2022-02-24 12:00:00,46.39.79.251,,2.4686202972375773,3.256962918068399,1.6660201632201583,2023-03-08
2022-02-24 12:00:00,229.46.205.74,,49.46791742111338,149.5465367073128,-52.75918611961107,2023-03-08
2022-02-24 12:00:00,187.44.158.33,,4.810504698161613,5.846827447770602,3.815453022792094,2023-03-08
2022-02-24 13:00:00,229.46.205.74,,29.901684165861397,131.64179220391165,-70.5821402926547,2023-03-08
2022-02-24 13:00:00,187.44.158.33,,4.438479520759008,5.486730099205423,3.448066971860161,2023-03-08
2022-02-24 13:00:00,46.39.79.251,,2.3510611997759714,3.174299130845121,1.537460910735961,2023-03-08
2022-02-24 14:00:00,229.46.205.74,,29.823601574897214,132.88214890795703,-75.83560730864231,2023-03-08
2022-02-24 14:00:00,187.44.158.33,,4.022982303043183,4.9887274839581135,3.0582840849933306,2023-03-08
2022-02-24 14:00:00,46.39.79.251,,2.146722415756078,2.9781022114156306,1.34108012083607,2023-03-08
2022-02-24 15:00:00,229.46.205.74,,40.20130004279942,142.50163698702465,-56.26750815889948,2023-03-08
2022-02-24 15:00:00,187.44.158.33,,4.00686834746822,4.99527457507437,2.9780274562327262,2023-03-08
2022-02-24 15:00:00,46.39.79.251,,2.151540280394472,2.965769004980737,1.3309232291331927,2023-03-08
2022-02-24 16:00:00,229.46.205.74,,42.711368419997,145.74728463418262,-61.31827627776799,2023-03-08
2022-02-24 16:00:00,187.44.158.33,,4.3063540611949644,5.220596855528366,3.3983931743031714,2023-03-08
2022-02-24 16:00:00,46.39.79.251,,2.499693933243845,3.353136193598477,1.6586261663657382,2023-03-08
2022-02-24 17:00:00,46.39.79.251,,2.755641899947637,3.5502303170767675,1.9358838310231308,2023-03-08
2022-02-24 17:00:00,187.44.158.33,,4.350920307816375,5.295525193056911,3.4418659801647986,2023-03-08
2022-02-24 18:00:00,46.39.79.251,,2.089620320729074,2.898672812769417,1.3133384472601497,2023-03-08
2022-02-24 18:00:00,229.46.205.74,,11.109778357308874,111.91974664292064,-96.50576951249673,2023-03-08
2022-02-24 18:00:00,187.44.158.33,,4.075280390569748,4.991201128655746,3.091794539864934,2023-03-08
2022-02-25 08:00:00,46.39.79.251,,2.7687149423154325,3.537596566848502,1.9998172577345208,2023-03-08
2022-02-25 08:00:00,229.46.205.74,,35.46956241305014,141.6904008639189,-67.3056111788651,2023-03-08
2022-02-25 08:00:00,187.44.158.33,,4.090461201568062,5.055065306084868,3.1252420906141483,2023-03-08
2022-02-25 09:00:00,46.39.79.251,,2.8088320288980504,3.6654721659568414,2.041344188517242,2023-03-08
2022-02-25 09:00:00,187.44.158.33,,4.457060298380555,5.457317011681632,3.424654815532084,2023-03-08
2022-02-25 09:00:00,229.46.205.74,,150.6904423643773,249.5636166661748,38.81832479292765,2023-03-08
2022-02-25 10:00:00,187.44.158.33,,4.58491569619694,5.5246308971005496,3.5723657526417454,2023-03-08
2022-02-25 10:00:00,229.46.205.74,,204.1154642797356,301.364727880009,103.18375935590736,2023-03-08
2022-02-25 10:00:00,46.39.79.251,,2.5467075142822435,3.39128671835563,1.6968759779327685,2023-03-08
2022-02-25 11:00:00,187.44.158.33,,4.753569914224074,5.714531389543752,3.692076742352445,2023-03-08
2022-02-25 11:00:00,229.46.205.74,,173.26108593485242,277.9509990948335,70.51817969925143,2023-03-08
2022-02-25 11:00:00,46.39.79.251,,2.4211587121697,3.182229616215773,1.5958758808228812,2023-03-08
2022-02-25 12:00:00,187.44.158.33,,4.738191214130477,5.748686514903154,3.784998465889205,2023-03-08
2022-02-25 12:00:00,229.46.205.74,,106.65958153948256,205.00992075377889,2.882450065982069,2023-03-08
2022-02-25 12:00:00,46.39.79.251,,2.408991722510543,3.2468929348151816,1.520741225675634,2023-03-08
2022-02-25 13:00:00,229.46.205.74,,61.01930914679267,173.71508008238314,-42.21692565599775,2023-03-08
2022-02-25 13:00:00,46.39.79.251,,2.2942150074213514,3.1269039557092717,1.465179482985182,2023-03-08
2022-02-25 13:00:00,187.44.158.33,,4.371716655145435,5.343761790574897,3.360282428365187,2023-03-08
2022-02-25 14:00:00,46.39.79.251,,2.0947645754812707,2.890498497336527,1.2710719325670856,2023-03-08
2022-02-25 14:00:00,229.46.205.74,,57.73485579903367,151.47966475624628,-40.37172401455045,2023-03-08
2022-02-25 14:00:00,187.44.158.33,,3.9624313271106337,4.959170624432813,2.9700216894101863,2023-03-08
2022-02-25 15:00:00,229.46.205.74,,73.98052821166233,179.71530872002364,-24.74837768867387,2023-03-08
2022-02-25 15:00:00,46.39.79.251,,2.09941326308166,2.8908671937326256,1.2670640167335194,2023-03-08
2022-02-25 15:00:00,187.44.158.33,,3.9465220615166174,4.912630067250241,3.001063319143272,2023-03-08
2022-02-25 16:00:00,187.44.158.33,,4.241456582351636,5.279329635053138,3.2410236267074586,2023-03-08
2022-02-25 16:00:00,46.39.79.251,,2.439070731710578,3.216407087350717,1.6396693923903527,2023-03-08
2022-02-25 17:00:00,229.46.205.74,,49.955033227251775,148.2203481808569,-47.68732299754125,2023-03-08
2022-02-25 17:00:00,46.39.79.251,,2.688743783250618,3.5080150875134044,1.826387812889854,2023-03-08
2022-02-25 17:00:00,187.44.158.33,,4.285310010041101,5.305010026172904,3.3524803135791763,2023-03-08
2022-02-25 18:00:00,46.39.79.251,,2.038839698242076,2.8324879339405604,1.2583903700838497,2023-03-08
2022-02-25 18:00:00,187.44.158.33,,4.0137880055984345,4.943974648990015,2.9528905499741853,2023-03-08
2022-02-25 18:00:00,229.46.205.74,,17.75828533579224,118.81794300804552,-91.62601260865864,2023-03-08
2022-02-28 08:00:00,187.44.158.33,,3.903652566487259,4.860182269851576,2.9185947546749103,2023-03-08
2022-02-28 08:00:00,229.46.205.74,,26.634639335980054,133.9585470505926,-73.35061113909336,2023-03-08
2022-02-28 08:00:00,46.39.79.251,,2.5639617611848693,3.349592908587762,1.7039004995322606,2023-03-08
2022-02-28 09:00:00,229.46.205.74,,109.6837981728289,213.36759926255803,2.6435005352178584,2023-03-08
2022-02-28 09:00:00,187.44.158.33,,4.253380133338815,5.2995740130279945,3.3023217445033715,2023-03-08
2022-02-28 09:00:00,46.39.79.251,,2.600898519910035,3.4352953106731827,1.7574933666493426,2023-03-08
2022-02-28 10:00:00,187.44.158.33,,4.375259685909751,5.371671887776803,3.378627997522046,2023-03-08
2022-02-28 10:00:00,46.39.79.251,,2.357984639613131,3.1858592585917758,1.5363533666850042,2023-03-08
2022-02-28 10:00:00,229.46.205.74,,144.1273038375741,246.54262272841257,43.054209826123945,2023-03-08
2022-02-28 11:00:00,229.46.205.74,,122.00115714211064,225.79206210283365,14.458258007317156,2023-03-08
2022-02-28 11:00:00,187.44.158.33,,4.536063656375759,5.556615730341749,3.540663417627417,2023-03-08
2022-02-28 11:00:00,46.39.79.251,,2.2415547338128885,3.0547123262106424,1.4206823862923783,2023-03-08
2022-02-28 12:00:00,46.39.79.251,,2.230105999164763,3.102827239082407,1.4719799240362852,2023-03-08
2022-02-28 12:00:00,229.46.205.74,,74.89537852524145,173.5977531279234,-22.849162017463524,2023-03-08
2022-02-28 12:00:00,187.44.158.33,,4.521250763401458,5.5040298954943125,3.589098217186646,2023-03-08
2022-02-28 13:00:00,46.39.79.251,,2.1236764312921013,2.963280309207027,1.2803507346993763,2023-03-08
2022-02-28 13:00:00,229.46.205.74,,42.72860798115396,149.46974593709976,-56.51720768049899,2023-03-08
2022-02-28 13:00:00,187.44.158.33,,4.171428059560525,5.145960970464908,3.221379879181467,2023-03-08
2022-02-28 14:00:00,229.46.205.74,,40.32452989009824,144.4466905452675,-63.408969417827294,2023-03-08
2022-02-28 14:00:00,187.44.158.33,,3.78077840038267,4.780238363439015,2.768591810633772,2023-03-08
2022-02-28 14:00:00,46.39.79.251,,1.9388910555345071,2.746960476223351,1.1554648072708404,2023-03-08
2022-02-28 15:00:00,46.39.79.251,3.0,1.9430322120833,2.7626493028746952,1.1307715511762475,2023-03-08
2022-02-28 15:00:00,187.44.158.33,,3.765483205454057,4.768091334069823,2.8050524655413343,2023-03-08
2022-02-28 15:00:00,229.46.205.74,,51.54960840596605,153.19618293254123,-52.034733381638674,2023-03-08
2022-02-28 16:00:00,187.44.158.33,4.0,4.046764147708473,5.036446894278135,3.08885012583568,2023-03-08
2022-02-28 16:00:00,46.39.79.251,3.0,2.257201128118434,3.0723848147747304,1.5067341037689042,2023-03-08
2022-02-28 16:00:00,229.46.205.74,96.0,52.04802605119341,155.6730832681213,-56.37839819030896,2023-03-08
2022-02-28 17:00:00,46.39.79.251,3.0,2.488049433944148,3.368171265168249,1.632783253495412,2023-03-08
2022-02-28 17:00:00,187.44.158.33,5.0,4.088479118093035,5.089926793234159,2.998719971936452,2023-03-08
2022-02-28 17:00:00,229.46.205.74,39.0,34.656892653175724,134.42517400466167,-74.76098110307639,2023-03-08
2022-02-28 18:00:00,229.46.205.74,23.0,12.29447334140392,120.00853044827646,-86.14274480990487,2023-03-08
2022-02-28 18:00:00,46.39.79.251,2.0,1.886497831328176,2.727806702892272,1.144837907211703,2023-03-08
2022-02-28 18:00:00,187.44.158.33,4.0,3.8293108529696624,4.792221186061256,2.8409106462770244,2023-03-08
2022-03-01 08:00:00,46.39.79.251,2.0,0.0043934357510544,0.7733703226423085,-0.8189832495589988,2023-03-08
2022-03-01 08:00:00,187.44.158.33,4.0,4.563900638096332,5.546120200446288,3.5995976215390324,2023-03-08
2022-03-01 08:00:00,229.46.205.74,26.0,-1.3104792218931418,100.85374730897568,-111.90124779087952,2023-03-08
2022-03-01 09:00:00,46.39.79.251,4.0,-2.7461283503806024,-1.9602677219707083,-3.5433170115910424,2023-03-08
2022-03-01 09:00:00,187.44.158.33,5.0,8.517800113410427,9.460619247747797,7.540171249845785,2023-03-08
2022-03-01 09:00:00,229.46.205.74,62.0,-9.578768221563182,88.86069580858955,-107.83827389104027,2023-03-08
2022-03-01 10:00:00,229.46.205.74,56.0,-29.11426590386544,74.93177886183737,-124.03630867967084,2023-03-08
2022-03-01 10:00:00,46.39.79.251,3.0,-5.227617259633995,-4.381555581187351,-6.002470554588703,2023-03-08
2022-03-01 10:00:00,187.44.158.33,4.0,16.975675485652058,17.972191309643208,16.02094272129823,2023-03-08
2022-03-01 11:00:00,187.44.158.33,5.0,28.400347096287263,29.3292666528195,27.40726650646017,2023-03-08
2022-03-01 11:00:00,229.46.205.74,35.0,-68.03809673798737,33.44887550672821,-168.64905282036332,2023-03-08
2022-03-01 11:00:00,46.39.79.251,4.0,-6.386436112918154,-5.510133740393459,-7.218777567471035,2023-03-08
2022-03-01 12:00:00,187.44.158.33,4.0,38.4128668404647,39.39642830495925,37.4328340663363,2023-03-08
2022-02-24 08:00:00,187.44.158.33,,4.097043978310537,5.004800735421871,3.1768106065919985,2023-03-08
2022-02-24 08:00:00,229.46.205.74,,14.734259942304906,102.45748756046976,-77.74119942979124,2023-03-08
2022-02-24 08:00:00,46.39.79.251,,2.439886803093372,3.4300293238040545,1.4119616567167927,2023-03-08
2022-02-24 09:00:00,46.39.79.251,,2.8627620291030262,3.8988278799104594,1.8806475483773348,2023-03-08
2022-02-24 09:00:00,187.44.158.33,,4.558088451342583,5.5742152089662005,3.6582702204056554,2023-03-08
2022-02-24 09:00:00,229.46.205.74,,59.35809635662889,148.77509926274914,-30.297211747673064,2023-03-08
2022-02-24 10:00:00,46.39.79.251,,2.7180446440577843,3.690452181574203,1.6995386170384714,2023-03-08
2022-02-24 10:00:00,229.46.205.74,,82.22463818509303,180.07605296925917,-9.403362528121805,2023-03-08
2022-02-24 10:00:00,187.44.158.33,,4.581998047066291,5.597896459394546,3.648863585261373,2023-03-08
2022-02-24 11:00:00,46.39.79.251,,2.4970694245596814,3.5296971804826835,1.4024768656288484,2023-03-08
2022-02-24 11:00:00,229.46.205.74,,73.00754964238158,163.96090189495354,-16.712388376197627,2023-03-08
2022-02-24 11:00:00,187.44.158.33,,4.663117746166962,5.615001720139204,3.6704441355532182,2023-03-08
2022-02-24 12:00:00,229.46.205.74,,46.22673277018997,135.93734362335928,-41.61032807796481,2023-03-08
2022-02-24 12:00:00,46.39.79.251,,2.293704828512496,3.2958021982055845,1.2917977107134515,2023-03-08
2022-02-24 12:00:00,187.44.158.33,,4.722659831595652,5.726304710481783,3.7197432203273024,2023-03-08
2022-02-24 13:00:00,46.39.79.251,,2.0716859416603413,3.073646397014191,1.081965208716142,2023-03-08
2022-02-24 13:00:00,187.44.158.33,,4.462169058824403,5.419595311813604,3.4453726329758396,2023-03-08
2022-02-24 13:00:00,229.46.205.74,,27.56554113280611,119.14209374305693,-69.13385690287912,2023-03-08
2022-02-24 14:00:00,46.39.79.251,,1.9916943905308024,2.8905070324413877,1.0164504833038635,2023-03-08
2022-02-24 14:00:00,187.44.158.33,,4.012174842523657,5.0148989028315105,3.0537884134741793,2023-03-08
2022-02-24 14:00:00,229.46.205.74,,30.32635280220399,124.8434375311121,-58.521293102970574,2023-03-08
2022-02-24 15:00:00,187.44.158.33,,3.8901242732452763,4.821190585611416,2.931255160504213,2023-03-08
2022-02-24 15:00:00,229.46.205.74,,44.752049459237206,138.55822660291983,-47.166415154174736,2023-03-08
2022-02-24 15:00:00,46.39.79.251,,2.2573238578942676,3.155579694227095,1.2977583784504794,2023-03-08
2022-02-24 16:00:00,187.44.158.33,,4.266688050067846,5.226025717444336,3.3249190054397872,2023-03-08
2022-02-24 16:00:00,229.46.205.74,,50.115232565024506,145.38039808746993,-45.82485766639289,2023-03-08
2022-02-24 16:00:00,46.39.79.251,,2.683838905906763,3.6993536665152873,1.7334651427095036,2023-03-08
2022-02-24 17:00:00,187.44.158.33,,4.547035736246173,5.530206755544141,3.6088901983723645,2023-03-08
2022-02-24 17:00:00,46.39.79.251,,2.688567566209189,3.6325832593692784,1.714896944246148,2023-03-08
2022-02-24 18:00:00,229.46.205.74,,12.597095316818836,106.67201658383779,-78.00965460461073,2023-03-08
2022-02-24 18:00:00,46.39.79.251,,1.9992108816082943,2.951385931514768,1.0454221259195504,2023-03-08
2022-02-24 18:00:00,187.44.158.33,,4.068541483791963,5.0936888876428865,3.1189325899669527,2023-03-08
2022-02-25 08:00:00,187.44.158.33,,4.0771197998433495,5.116060222951155,3.063215728536555,2023-03-08
2022-02-25 08:00:00,229.46.205.74,,40.16924073931016,127.91361567982491,-44.40209376773303,2023-03-08
2022-02-25 08:00:00,46.39.79.251,,2.4794375355260527,3.4347833955291054,1.453358336825116,2023-03-08
2022-02-25 09:00:00,229.46.205.74,,154.93735846307325,240.1984145574914,61.79910402714318,2023-03-08
2022-02-25 09:00:00,46.39.79.251,,2.9091362759615103,3.921038334673284,1.894891001692719,2023-03-08
2022-02-25 09:00:00,187.44.158.33,,4.535917692762324,5.493499495174458,3.597470954950592,2023-03-08
2022-02-25 10:00:00,46.39.79.251,,2.762044896920914,3.765326812184155,1.737118560738617,2023-03-08
2022-02-25 10:00:00,229.46.205.74,,206.26440396507388,294.57687273424006,116.06226488082436,2023-03-08
2022-02-25 10:00:00,187.44.158.33,,4.559706473220637,5.544932466191102,3.548568239679951,2023-03-08
2022-02-25 11:00:00,229.46.205.74,,176.57375119959298,260.95147799118297,84.32616252866879,2023-03-08
2022-02-25 11:00:00,187.44.158.33,,4.640426922736963,5.623960569312694,3.61032510162222,2023-03-08
2022-02-25 11:00:00,46.39.79.251,,2.5374652389054515,3.580925021073681,1.4686572418608959,2023-03-08
2022-02-25 12:00:00,229.46.205.74,,105.06149375443931,192.64686362118894,10.095193460971652,2023-03-08
2022-02-25 12:00:00,187.44.158.33,,4.69967461500205,5.653980916807564,3.7757776635222218,2023-03-08
2022-02-25 12:00:00,46.39.79.251,,2.3307857603957816,3.288603457135326,1.289668482388468,2023-03-08
2022-02-25 13:00:00,229.46.205.74,,59.04888109405292,149.8983615480032,-36.60960786407379,2023-03-08
2022-02-25 13:00:00,46.39.79.251,,2.105155084302724,3.1271254699555606,1.16053109798778,2023-03-08
2022-02-25 13:00:00,187.44.158.33,,4.440447247657166,5.471766102405757,3.3875188813915478,2023-03-08
2022-02-25 14:00:00,187.44.158.33,,3.9926396381657905,4.888669675625767,3.016173610064775,2023-03-08
2022-02-25 14:00:00,229.46.205.74,,61.39737572478415,149.3452783464183,-29.869884199122442,2023-03-08
2022-02-25 14:00:00,46.39.79.251,,2.0238495837581874,3.0547038107985935,1.0553224890463473,2023-03-08
2022-02-25 15:00:00,229.46.205.74,,85.8418408425665,173.97156482671767,-6.838195238759482,2023-03-08
2022-02-25 15:00:00,187.44.158.33,,3.871179487370305,4.795386509884056,3.018568820024978,2023-03-08
2022-02-25 15:00:00,46.39.79.251,,2.293743044728133,3.2580151577110383,1.3354875952877305,2023-03-08
2022-02-25 16:00:00,46.39.79.251,,2.7271103076436067,3.6930662860924044,1.7548009526062414,2023-03-08
2022-02-25 16:00:00,187.44.158.33,,4.245905192918786,5.298717707034097,3.1903004140835978,2023-03-08
2022-02-25 17:00:00,46.39.79.251,,2.731886106991982,3.7416511147004115,1.7650922496154142,2023-03-08
2022-02-25 17:00:00,187.44.158.33,,4.524882821249841,5.5253736443980275,3.5980812208723014,2023-03-08
2022-02-25 17:00:00,229.46.205.74,,63.00982950521751,155.29714909714963,-30.19088212283069,2023-03-08
2022-02-25 18:00:00,187.44.158.33,,4.048715742374002,4.9994418573905905,2.994244481654539,2023-03-08
2022-02-25 18:00:00,229.46.205.74,,20.803958934324378,114.69955938155621,-73.77709782131258,2023-03-08
2022-02-25 18:00:00,46.39.79.251,,2.03140080972371,3.003738636722754,1.072856348313049,2023-03-08
2022-02-28 08:00:00,46.39.79.251,,2.5980897296811643,3.624724230910618,1.6093093810141763,2023-03-08
2022-02-28 08:00:00,187.44.158.33,,4.017347262180139,5.0168365111790685,3.022477427226997,2023-03-08
2022-02-28 08:00:00,229.46.205.74,,27.94758601913073,119.03638446725343,-68.23368225793988,2023-03-08
2022-02-28 09:00:00,46.39.79.251,,3.048259012406765,3.9854022410949117,2.0201496094668423,2023-03-08
2022-02-28 09:00:00,229.46.205.74,,104.19220856384887,193.33438684123047,12.085538907281979,2023-03-08
2022-02-28 09:00:00,187.44.158.33,,4.469405413886494,5.414170300827252,3.5278422765826605,2023-03-08
2022-02-28 10:00:00,46.39.79.251,,2.8940456517087516,3.90274879855397,1.8624679438393297,2023-03-08
2022-02-28 10:00:00,229.46.205.74,,134.1540612902658,223.68077561943022,40.87791032576611,2023-03-08
2022-02-28 10:00:00,187.44.158.33,,4.49283174853398,5.464447602899692,3.4546765074790877,2023-03-08
2022-02-28 11:00:00,229.46.205.74,,111.14544724662093,202.1831607031102,20.039805118221803,2023-03-08
2022-02-28 11:00:00,187.44.158.33,,4.572354449069188,5.562888161897085,3.614454923285795,2023-03-08
2022-02-28 11:00:00,46.39.79.251,,2.658652678451416,3.646903481928207,1.6433249251324586,2023-03-08
2022-02-28 12:00:00,229.46.205.74,,65.86709034487191,155.62376980834688,-23.246537370209673,2023-03-08
2022-02-28 12:00:00,187.44.158.33,,4.630718961461604,5.653944651865996,3.6112119805428224,2023-03-08
2022-02-28 12:00:00,46.39.79.251,,2.442028552940372,3.4314450904302496,1.4699029726368553,2023-03-08
2022-02-28 13:00:00,187.44.158.33,,4.375281810029686,5.336497449767014,3.3691891337014837,2023-03-08
2022-02-28 13:00:00,229.46.205.74,,36.47390259056664,121.38783911513275,-57.47167007499251,2023-03-08
2022-02-28 13:00:00,46.39.79.251,,2.205562509479709,3.206343538735416,1.19490134898069,2023-03-08
2022-02-28 14:00:00,46.39.79.251,,2.1203151607013306,3.155004201655647,1.0955884805456086,2023-03-08
2022-02-28 14:00:00,187.44.158.33,,3.934034020700385,5.021072152378371,3.0019144790935286,2023-03-08
2022-02-28 14:00:00,229.46.205.74,,37.34712224767481,134.5533619917255,-60.40334459002558,2023-03-08
2022-02-28 15:00:00,46.39.79.251,,2.40300060293927,3.399474291447742,1.5238825844191164,2023-03-08
2022-02-28 15:00:00,187.44.158.33,,3.814345125934014,4.775616656862114,2.888445941996899,2023-03-08
2022-02-28 16:00:00,46.39.79.251,,2.8569245102009884,3.8004140099704427,1.8766741521024888,2023-03-08
2022-02-28 16:00:00,187.44.158.33,,4.183556617244177,5.164820848587634,3.193401112100366,2023-03-08
2022-02-28 16:00:00,229.46.205.74,,53.773531104685375,148.75546454125745,-38.850781800763635,2023-03-08
2022-02-28 17:00:00,187.44.158.33,,4.458424071758042,5.383834600130189,3.4955773590548316,2023-03-08
2022-02-28 17:00:00,46.39.79.251,,2.8618417265759684,3.7616416735416935,1.905077335481315,2023-03-08
2022-02-28 17:00:00,229.46.205.74,,36.505554799273185,123.23828784615868,-61.97877608482376,2023-03-08
2022-02-28 18:00:00,229.46.205.74,,11.847422298420069,91.16719166627422,-77.80569971244005,2023-03-08
2022-02-28 18:00:00,187.44.158.33,,3.989238515044323,4.962608134587594,3.0398290304037467,2023-03-08
2022-02-28 18:00:00,46.39.79.251,,2.127970592870719,3.1400359009874665,1.1121649504398918,2023-03-08
2022-03-01 08:00:00,229.46.205.74,,16.24777873068072,114.95290600950825,-73.39233299239929,2023-03-08
2022-03-01 08:00:00,46.39.79.251,,2.637640462158598,3.547364574625509,1.6165482980442594,2023-03-08
2022-03-01 08:00:00,187.44.158.33,,3.9974230822629497,4.982556419569605,2.9781531580394334,2023-03-08
2022-03-01 09:00:00,46.39.79.251,,3.0946332594667143,4.047094155805312,2.1279708494874074,2023-03-08
2022-03-01 09:00:00,187.44.158.33,,4.447234653742788,5.344586753780631,3.4814616761910417,2023-03-08
2022-03-01 09:00:00,229.46.205.74,,59.029237480246394,148.89083288434404,-32.5827592058976,2023-03-08
2022-03-01 10:00:00,187.44.158.33,,4.470540173042168,5.494937155653469,3.524684835686524,2023-03-08
2022-03-01 10:00:00,229.46.205.74,,73.98686781538191,164.29584853448873,-20.226647469754354,2023-03-08
2022-03-01 10:00:00,46.39.79.251,,2.938045904700546,3.9384402993447503,1.983724865888023,2023-03-08
2022-03-01 11:00:00,46.39.79.251,,2.69904849298458,3.6804717792245847,1.7082449784852514,2023-03-08
2022-03-01 11:00:00,187.44.158.33,,4.549663623900534,5.462001233038529,3.562803849051825,2023-03-08
2022-03-01 11:00:00,229.46.205.74,,59.60094037115075,149.36847401551557,-29.258467286109575,2023-03-08
2022-03-01 12:00:00,187.44.158.33,,4.607733743001415,5.601085071746668,3.673023284993281,2023-03-08
2022-03-01 12:00:00,229.46.205.74,,34.31142378597756,129.00233974778737,-66.37194528242972,2023-03-08
2022-03-01 12:00:00,46.39.79.251,,2.4791094850258233,3.473986032799761,1.5691877290735632,2023-03-08
2022-03-01 13:00:00,229.46.205.74,,18.633202852035772,107.3213225072034,-72.29880896863159,2023-03-08
2022-03-01 13:00:00,187.44.158.33,,4.35355999702671,5.277862100934635,3.3849669422347333,2023-03-08
2022-03-01 13:00:00,46.39.79.251,,2.2390316523949556,3.270705653474479,1.2573125155776876,2023-03-08
2022-03-01 14:00:00,46.39.79.251,,2.1524703541441883,3.074666679806342,1.1147690907388492,2023-03-08
2022-03-01 14:00:00,229.46.205.74,43.0,18.691299905331647,108.62475069039266,-69.28759577218044,2023-03-08
2022-03-01 14:00:00,187.44.158.33,,3.914498814529319,4.884936415627781,2.917821636311825,2023-03-08
2022-03-01 15:00:00,46.39.79.251,2.0,2.439419790169256,3.391382592363599,1.4667441014373621,2023-03-08
2022-03-01 15:00:00,229.46.205.74,347.0,25.169525207361378,118.73377173100525,-61.89565686529968,2023-03-08
2022-03-01 15:00:00,187.44.158.33,4.0,3.7954003383403534,4.835710468036915,2.7953769824661614,2023-03-08
2022-03-01 16:00:00,46.39.79.251,2.0,2.90019591247963,3.888507791447446,1.8587811624027002,2023-03-08
2022-03-01 16:00:00,187.44.158.33,4.0,4.1627737582237,5.068699047555412,3.121269515318135,2023-03-08
2022-03-01 16:00:00,229.46.205.74,35.0,25.73057451373164,118.48396722220177,-62.98968427225328,2023-03-08
2022-03-01 17:00:00,229.46.205.74,223.0,17.045004715663286,113.18550381291341,-75.33265132817178,2023-03-08
2022-03-01 17:00:00,46.39.79.251,3.0,2.90516026790535,3.859216184788505,1.9186255032850779,2023-03-08
2022-03-01 17:00:00,187.44.158.33,5.0,4.436271154911948,5.457813643130181,3.45226908426405,2023-03-08
2022-03-01 18:00:00,46.39.79.251,2.0,2.160160521623945,3.0850247050803596,1.192733152348475,2023-03-08
2022-03-01 18:00:00,187.44.158.33,4.0,3.9694127722556725,4.9115614740668025,2.9950461187718598,2023-03-08
2022-03-01 18:00:00,229.46.205.74,25.0,5.388273898684458,97.768034277308,-85.0279135085512,2023-03-08
2022-03-02 08:00:00,229.46.205.74,93.0,-2.3299686968681024,87.5130765591454,-90.14040362592836,2023-03-08
2022-03-02 08:00:00,46.39.79.251,3.0,1.5709168302759289,2.4977120430238413,0.5958579685983133,2023-03-08
2022-03-02 08:00:00,187.44.158.33,5.0,3.326699577601998,4.330431785943966,2.2891607198247574,2023-03-08
2022-03-02 09:00:00,187.44.158.33,5.0,4.690013988423102,5.677191221145187,3.686592256528906,2023-03-08
2022-03-02 09:00:00,229.46.205.74,106.0,-6.1392190338341255,86.28181805790004,-103.4535281582481,2023-03-08
2022-03-02 09:00:00,46.39.79.251,3.0,3.099912322030744,4.0887951835274166,2.2652753194240387,2023-03-08
2022-03-02 10:00:00,187.44.158.33,5.0,10.463690061881275,11.379069971263746,9.505596514070934,2023-03-08
2022-03-02 10:00:00,46.39.79.251,2.0,8.289340068377372,9.235221412232846,7.314853509228916,2023-03-08
2022-03-02 10:00:00,229.46.205.74,209.0,-11.416450819035715,79.32691471853943,-103.08741682108649,2023-03-08
2022-03-02 11:00:00,46.39.79.251,6.0,16.4973068400306,17.519323930485868,15.484486333132773,2023-03-08
